{"Fid":"fxQVdsDUS2apX3b3K_XMg-","Status":3,"AuthToken":"eyJhbGciOiJFUzI1NiIsInR5cCI6IkpXVCJ9.eyJhcHBJZCI6IjE6NDg1NjE5OTk2MTUyOmFuZHJvaWQ6YjdkM2IxNDZiNGIyMTk1NGIxNzIwZCIsImV4cCI6MTc1Nzk0NDQyNiwiZmlkIjoiZnhRVmRzRFVTMmFwWDNiM0tfWE1nLSIsInByb2plY3ROdW1iZXIiOjQ4NTYxOTk5NjE1Mn0.AB2LPV8wRAIgIDljb0Lp72ih5GQSPhBu9DnQsSAzWSFJp8hH6GbQR8UCIHl8Ptn4sYKG0nuD9tdJ2bONZBV7ibj2ryJouhHvmSRu","RefreshToken":"3_AS3qfwKJCMwlJvdQ2HqloqG0_NFj-JAAj--hsrwe8ueL041d_bE3Rrct0suyZJqoqsVPhUNbXnkKt_lN-t3hW4UIM3FIfDHFnoHb5Qy8iCtV_qc","TokenCreationEpochInSecs":1757339626,"ExpiresInSecs":604800}