{"Fid":"d2IO4a5bQ-mZ2ynWL0cnf7","Status":3,"AuthToken":"eyJhbGciOiJFUzI1NiIsInR5cCI6IkpXVCJ9.eyJhcHBJZCI6IjE6NzU0Nzk1NjE0MDQyOmFuZHJvaWQ6YzY4MmI4MTQ0YThkZDUyYmMxYWQ2MyIsImV4cCI6MTc1Nzk0NDQyOCwiZmlkIjoiZDJJTzRhNWJRLW1aMnluV0wwY25mNyIsInByb2plY3ROdW1iZXIiOjc1NDc5NTYxNDA0Mn0.AB2LPV8wRQIhAOCpheW_TCWeZkZS9QFYarYSBMOouhIr4mG0lVNGFAm6AiAX0MOVXne1m9g8Ckf3mPfgWnCamcATvvWo5akOVQ_UlQ","RefreshToken":"3_AS3qfwKz60q0wyASdas7-PkwtIAfuQIncOrSKJbeTGLOIt0d9ZSKg5eGuzQvjInEhIaf-ASlN2XdKBZyGJbJj3C8qYlCMxVs9YPe2yto4COdwA","TokenCreationEpochInSecs":1757339628,"ExpiresInSecs":604800}