<?xml version='1.0' encoding='utf-8' standalone='yes' ?>
<map>
    <long name="first_open_time" value="1757339624951" />
    <string name="gmp_app_id">1:485619996152:android:b7d3b146b4b21954b1720d</string>
    <string name="app_instance_id">41cc11ba05297699125f8e4a09c98f87</string>
    <long name="session_id" value="1763128456" />
    <boolean name="app_backgrounded" value="false" />
    <long name="health_monitor:start" value="1757339742928" />
    <boolean name="use_service" value="true" />
    <boolean name="deferred_analytics_collection" value="false" />
    <string name="previous_os_version">14</string>
    <boolean name="has_been_opened" value="true" />
    <boolean name="allow_remote_dynamite" value="true" />
    <long name="last_pause_time" value="1757339743656" />
    <boolean name="start_new_session" value="false" />
</map>
