<?xml version='1.0' encoding='utf-8' standalone='yes' ?>
<map>
    <set name="device-brand/vivo fire-fcm/23.4.1 flutter-fire-core/2.32.0 fire-cls/18.6.3 fire-sessions/1.2.3 fire-analytics/21.6.1 fire-core-ktx/20.4.3 fire-core/20.4.3 fire-android/34 device-name/2141i flutter-fire-cls/3.5.7 android-installer/com.google.android.packageinstaller fire-installations/17.2.0 android-min-sdk/21 android-platform/ flutter-fire-analytics/10.10.7 fire-transport/18.1.8 kotlin/1.9.24 device-model/2141 android-target-sdk/34">
        <string>2025-09-08</string>
    </set>
    <long name="fire-count" value="1" />
    <string name="last-used-date">2025-09-08</string>
    <long name="fire-global" value="1757339627305" />
</map>
