<?xml version='1.0' encoding='utf-8' standalone='yes' ?>
<map>
    <long name="OS_LAST_LOCATION_TIME" value="1757339782903" />
    <string name="MODEL_STORE_operations">[]</string>
    <string name="MODEL_STORE_session">[{&quot;id&quot;:&quot;-singleton-&quot;,&quot;isValid&quot;:false,&quot;sessionId&quot;:&quot;f9cfa7a1-c910-4ce8-8516-707a9836aba2&quot;,&quot;startTime&quot;:1757339744375,&quot;focusTime&quot;:1757339744375,&quot;activeDuration&quot;:0}]</string>
    <string name="PREFS_OS_ETAG_PREFIX_CACHE_KEY_REMOTE_PARAMS">W/&quot;e05cc4424ccd26011db4e1fdc7bf72f5&quot;</string>
    <string name="MODEL_STORE_identity">[{&quot;onesignal_id&quot;:&quot;78952559-74e2-4a75-8db8-1937d5928245&quot;,&quot;id&quot;:&quot;-singleton-&quot;}]</string>
    <string name="PREFS_OS_HTTP_CACHE_PREFIX_CACHE_KEY_REMOTE_PARAMS">{&quot;awl_list&quot;:{},&quot;android_sender_id&quot;:&quot;485619996152&quot;,&quot;chnl_lst&quot;:[],&quot;outcomes&quot;:{&quot;direct&quot;:{&quot;enabled&quot;:false},&quot;indirect&quot;:{&quot;notification_attribution&quot;:{&quot;minutes_since_displayed&quot;:60,&quot;limit&quot;:10},&quot;enabled&quot;:false},&quot;unattributed&quot;:{&quot;enabled&quot;:false}},&quot;receive_receipts_enable&quot;:false}</string>
    <string name="MODEL_STORE_properties">[{&quot;onesignalId&quot;:&quot;78952559-74e2-4a75-8db8-1937d5928245&quot;,&quot;country&quot;:&quot;IN&quot;,&quot;language&quot;:&quot;en&quot;,&quot;timezone&quot;:&quot;Asia\/Kolkata&quot;,&quot;id&quot;:&quot;-singleton-&quot;}]</string>
    <string name="MODEL_STORE_config">[{&quot;id&quot;:&quot;-singleton-&quot;,&quot;appId&quot;:&quot;4662bbdf-f0ab-4141-87e0-8cbe73692492&quot;,&quot;backgroundFetchNotificationPermissionInterval&quot;:86400000,&quot;foregroundFetchNotificationPermissionInterval&quot;:1000,&quot;pushSubscriptionId&quot;:&quot;d30485aa-b14c-49ac-bd3a-266f21f6e855&quot;,&quot;fcmParams&quot;:{},&quot;influenceParams&quot;:{&quot;indirectNotificationAttributionWindow&quot;:60,&quot;isUnattributedEnabled&quot;:false,&quot;indirectIAMAttributionWindow&quot;:1440,&quot;notificationLimit&quot;:10,&quot;isDirectEnabled&quot;:false,&quot;isIndirectEnabled&quot;:false},&quot;httpGetTimeout&quot;:60000,&quot;apiUrl&quot;:&quot;https:\/\/api.onesignal.com\/&quot;,&quot;opRepoExecutionInterval&quot;:5000,&quot;httpTimeout&quot;:120000,&quot;isInitializedWithRemote&quot;:true,&quot;notificationChannels&quot;:&quot;[]&quot;,&quot;googleProjectNumber&quot;:&quot;485619996152&quot;,&quot;receiveReceiptEnabled&quot;:false,&quot;restoreTTLFilter&quot;:true}]</string>
    <set name="PREFS_OS_UNATTRIBUTED_UNIQUE_OUTCOME_EVENTS_SENT" />
    <string name="MODEL_STORE_subscriptions">[{&quot;id&quot;:&quot;d30485aa-b14c-49ac-bd3a-266f21f6e855&quot;,&quot;type&quot;:&quot;PUSH&quot;,&quot;optedIn&quot;:true,&quot;address&quot;:&quot;d2IO4a5bQ-mZ2ynWL0cnf7:APA91bEUwbA7U1umjrs9tGQOQRtaa65l2tl7azNs2iTj9XPoIqK99xKTjPrGLhTvh3L3QebsLy57-bUJB25tLLpjmcLEOmZaAKkqlCM0E-iQ9Imj84b-XIM&quot;,&quot;status&quot;:&quot;SUBSCRIBED&quot;,&quot;sdk&quot;:&quot;050135&quot;,&quot;deviceOS&quot;:&quot;14&quot;,&quot;carrier&quot;:&quot;&quot;,&quot;appVersion&quot;:&quot;4&quot;}]</string>
    <string name="PREFS_OS_INSTALL_ID">fd517baa-50ac-4ee6-9341-4fcd2f7ebc0b</string>
    <boolean name="USER_RESOLVED_PERMISSION_android.permission.POST_NOTIFICATIONS" value="true" />
</map>
