{"Fid":"fDIB8p--RJyOXWO4PN0MWB","Status":3,"AuthToken":"eyJhbGciOiJFUzI1NiIsInR5cCI6IkpXVCJ9.eyJhcHBJZCI6IjE6NzU0Nzk1NjE0MDQyOmFuZHJvaWQ6YzY4MmI4MTQ0YThkZDUyYmMxYWQ2MyIsImV4cCI6MTc1NzQ3MzMzOCwiZmlkIjoiZkRJQjhwLS1SSnlPWFdPNFBOME1XQiIsInByb2plY3ROdW1iZXIiOjc1NDc5NTYxNDA0Mn0.AB2LPV8wRAIgY8gkBeMQwmSrRDmmFU8F_obiaHfrNjNzX0clmBx_lsYCIAiUEfDwN7dR3tuNLIV1wjZcrRHgQWBlgoeWC2wTurlM","RefreshToken":"3_AS3qfwLOG2ZhMKCPLUMyEMDPrLM3rVT8ALifw6fUjJmqG77gTowgU1rVByb1H_05dDYMGPdalFkssuGMhlAPJEZdyr0itkVaCuJK61bqFDxUJA","TokenCreationEpochInSecs":1763607740,"ExpiresInSecs":604800}