{"Fid":"fGenNGTYR3OZWvuXasEPVt","Status":3,"AuthToken":"eyJhbGciOiJFUzI1NiIsInR5cCI6IkpXVCJ9.eyJhcHBJZCI6IjE6NDg1NjE5OTk2MTUyOmFuZHJvaWQ6YjdkM2IxNDZiNGIyMTk1NGIxNzIwZCIsImV4cCI6MTc1NzQ3MzMwNCwiZmlkIjoiZkdlbk5HVFlSM09aV3Z1WGFzRVBWdCIsInByb2plY3ROdW1iZXIiOjQ4NTYxOTk5NjE1Mn0.AB2LPV8wRQIhAJttP_fLnJuhZCSxA6j7-IsHJ00kuqkrwF1oAryii4YQAiBDnSYRvpIC1uN7xlVlMJnM7BweePxrBz4SQizHEWiPPg","RefreshToken":"3_AS3qfwI96YC_EiKDuk3HmLdqcMKwqTX5h1o6yZxp8HCHTXAM4n-O0tVjQJQH9vW_VbxzecC6UF5rS5y0deMnNO06oeUYsQyxO9W-lLIhZ2sirCU","TokenCreationEpochInSecs":1756868504,"ExpiresInSecs":604800}