{"Fid":"coDzBZ0sSm6-9KHitavVbb","Status":3,"AuthToken":"eyJhbGciOiJFUzI1NiIsInR5cCI6IkpXVCJ9.eyJhcHBJZCI6IjE6NzU0Nzk1NjE0MDQyOmFuZHJvaWQ6YzY4MmI4MTQ0YThkZDUyYmMxYWQ2MyIsImV4cCI6MTc1NzgyODQxMCwiZmlkIjoiY29EekJaMHNTbTYtOUtIaXRhdlZiYiIsInByb2plY3ROdW1iZXIiOjc1NDc5NTYxNDA0Mn0.AB2LPV8wRgIhAKbJw_m-JiiUTedElmcXBGr9lNzYZWzp0wd6f5MPGkuhAiEAhVOOr94YLx3BVzs5ADACv2qV8mmbGNip7CZ-WSrDLPE","RefreshToken":"3_AS3qfwIujrw3eEsVWfOL5NTDjLDURKTg5G1Lh3qIpC1niyes_4GEGRHyLFYk4JIT4B5s2haxlV3mDIsb-YXvFHFEfPvZW5mfxkvLD2JVoTKnCLs","TokenCreationEpochInSecs":1757223610,"ExpiresInSecs":604800}