{"Fid":"fDD7USihSFOzNRTEh0oGvq","Status":3,"AuthToken":"eyJhbGciOiJFUzI1NiIsInR5cCI6IkpXVCJ9.eyJhcHBJZCI6IjE6NDg1NjE5OTk2MTUyOmFuZHJvaWQ6YjdkM2IxNDZiNGIyMTk1NGIxNzIwZCIsImV4cCI6MTc1NzgyODQwOSwiZmlkIjoiZkREN1VTaWhTRk96TlJURWgwb0d2cSIsInByb2plY3ROdW1iZXIiOjQ4NTYxOTk5NjE1Mn0.AB2LPV8wRgIhANbbRvEMk0qxJM8ORnSdAgM7nrsCvhDppNx1KSeHH3z2AiEAymH18xMzvWdHxTGmBeqsR0r6O4Dh_oaSxVZbEUdnG_k","RefreshToken":"3_AS3qfwK-gY3C8Ter6db9TKT1_ddCjKy6fKjs9DJzVII-tc1RbDPVZhAGmyao_lHnvFNjxtDjtykv_lI5ce6UnfBg6n8m-CQA_WizQPJ330N-cw","TokenCreationEpochInSecs":1757223608,"ExpiresInSecs":604800}