<?xml version='1.0' encoding='utf-8' standalone='yes' ?>
<map>
    <long name="first_open_time" value="1763607690998" />
    <string name="gmp_app_id">1:485619996152:android:b7d3b146b4b21954b1720d</string>
    <string name="app_instance_id">1534bb950cb1956f5f41bebe83ecbcbe</string>
    <boolean name="app_backgrounded" value="true" />
    <long name="session_id" value="1763607729" />
    <long name="health_monitor:start" value="1763607729747" />
    <boolean name="use_service" value="true" />
    <boolean name="deferred_analytics_collection" value="false" />
    <string name="previous_os_version">9</string>
    <boolean name="has_been_opened" value="true" />
    <boolean name="allow_remote_dynamite" value="true" />
    <long name="last_pause_time" value="1763607791928" />
    <boolean name="start_new_session" value="false" />
</map>
