<?xml version='1.0' encoding='utf-8' standalone='yes' ?>
<map>
    <long name="first_open_time" value="1757223607728" />
    <string name="gmp_app_id">1:485619996152:android:b7d3b146b4b21954b1720d</string>
    <string name="app_instance_id">2ec6daf330345339cead19ad4f5dda60</string>
    <boolean name="app_backgrounded" value="false" />
    <long name="session_id" value="1763617241" />
    <long name="health_monitor:start" value="1757223725107" />
    <boolean name="use_service" value="true" />
    <boolean name="deferred_analytics_collection" value="false" />
    <string name="previous_os_version">14</string>
    <boolean name="has_been_opened" value="true" />
    <boolean name="allow_remote_dynamite" value="true" />
    <long name="last_pause_time" value="1763617318976" />
    <boolean name="start_new_session" value="false" />
</map>
