<?xml version='1.0' encoding='utf-8' standalone='yes' ?>
<map>
    <long name="fire-count" value="2" />
    <string name="last-used-date">2025-11-20</string>
    <long name="fire-global" value="1756868503349" />
    <set name="fire-cls/18.6.3 fire-fcm/23.4.1 flutter-fire-core/2.32.0 android-installer/ fire-sessions/1.2.3 fire-core-ktx/20.4.3 fire-analytics/21.6.1 fire-android/28 fire-core/20.4.3 flutter-fire-cls/3.5.7 device-model/G011A device-brand/google device-name/G011A fire-installations/17.2.0 android-min-sdk/21 flutter-fire-analytics/10.10.7 android-platform/ fire-transport/18.1.8 kotlin/1.9.24 android-target-sdk/34">
        <string>2025-09-03</string>
        <string>2025-11-20</string>
    </set>
</map>
