<?xml version='1.0' encoding='utf-8' standalone='yes' ?>
<map>
    <long name="fire-count" value="2" />
    <string name="last-used-date">2025-09-07</string>
    <set name="device-brand/vivo fire-cls/18.6.3 fire-fcm/23.4.1 flutter-fire-core/2.32.0 fire-sessions/1.2.3 fire-core-ktx/20.4.3 fire-analytics/21.6.1 fire-core/20.4.3 fire-android/34 flutter-fire-cls/3.5.7 device-name/2141i android-installer/com.google.android.packageinstaller fire-installations/17.2.0 android-min-sdk/21 android-platform/ flutter-fire-analytics/10.10.7 fire-transport/18.1.8 kotlin/1.9.24 device-model/2141 android-target-sdk/34">
        <string>2025-11-20</string>
    </set>
    <long name="fire-global" value="1763617317522" />
    <set name="device-brand/vivo fire-cls/18.6.3 flutter-fire-core/2.32.0 fire-fcm/23.4.1 fire-sessions/1.2.3 fire-core-ktx/20.4.3 fire-analytics/21.6.1 fire-core/20.4.3 fire-android/34 flutter-fire-cls/3.5.7 device-name/2141i android-installer/com.google.android.packageinstaller fire-installations/17.2.0 flutter-fire-analytics/10.10.7 android-min-sdk/21 android-platform/ fire-transport/18.1.8 kotlin/1.9.24 device-model/2141 android-target-sdk/34">
        <string>2025-09-07</string>
    </set>
</map>
