<?xml version='1.0' encoding='utf-8' standalone='yes' ?>
<map>
    <long name="OS_LAST_LOCATION_TIME" value="1757223765875" />
    <string name="MODEL_STORE_operations">[]</string>
    <string name="MODEL_STORE_session">[{&quot;id&quot;:&quot;-singleton-&quot;,&quot;isValid&quot;:false,&quot;sessionId&quot;:&quot;4b60b096-b3cd-4858-acd4-e7974505c7fb&quot;,&quot;startTime&quot;:1757223730121,&quot;focusTime&quot;:1757223730121,&quot;activeDuration&quot;:0}]</string>
    <string name="PREFS_OS_ETAG_PREFIX_CACHE_KEY_REMOTE_PARAMS">W/&quot;e05cc4424ccd26011db4e1fdc7bf72f5&quot;</string>
    <string name="MODEL_STORE_identity">[{&quot;onesignal_id&quot;:&quot;4732f8ff-3b91-48af-aeb5-a2cb79c482fe&quot;,&quot;id&quot;:&quot;-singleton-&quot;}]</string>
    <string name="PREFS_OS_HTTP_CACHE_PREFIX_CACHE_KEY_REMOTE_PARAMS">{&quot;awl_list&quot;:{},&quot;android_sender_id&quot;:&quot;485619996152&quot;,&quot;chnl_lst&quot;:[],&quot;outcomes&quot;:{&quot;direct&quot;:{&quot;enabled&quot;:false},&quot;indirect&quot;:{&quot;notification_attribution&quot;:{&quot;minutes_since_displayed&quot;:60,&quot;limit&quot;:10},&quot;enabled&quot;:false},&quot;unattributed&quot;:{&quot;enabled&quot;:false}},&quot;receive_receipts_enable&quot;:false}</string>
    <string name="MODEL_STORE_properties">[{&quot;onesignalId&quot;:&quot;4732f8ff-3b91-48af-aeb5-a2cb79c482fe&quot;,&quot;country&quot;:&quot;IN&quot;,&quot;language&quot;:&quot;en&quot;,&quot;timezone&quot;:&quot;Asia\/Kolkata&quot;,&quot;id&quot;:&quot;-singleton-&quot;}]</string>
    <string name="MODEL_STORE_config">[{&quot;id&quot;:&quot;-singleton-&quot;,&quot;appId&quot;:&quot;4662bbdf-f0ab-4141-87e0-8cbe73692492&quot;,&quot;backgroundFetchNotificationPermissionInterval&quot;:86400000,&quot;foregroundFetchNotificationPermissionInterval&quot;:1000,&quot;pushSubscriptionId&quot;:&quot;b90878e6-c698-4cc3-a38d-b08a660a97ae&quot;,&quot;fcmParams&quot;:{},&quot;influenceParams&quot;:{&quot;indirectNotificationAttributionWindow&quot;:60,&quot;isUnattributedEnabled&quot;:false,&quot;indirectIAMAttributionWindow&quot;:1440,&quot;notificationLimit&quot;:10,&quot;isDirectEnabled&quot;:false,&quot;isIndirectEnabled&quot;:false},&quot;httpGetTimeout&quot;:60000,&quot;apiUrl&quot;:&quot;https:\/\/api.onesignal.com\/&quot;,&quot;opRepoExecutionInterval&quot;:5000,&quot;httpTimeout&quot;:120000,&quot;isInitializedWithRemote&quot;:true,&quot;notificationChannels&quot;:&quot;[]&quot;,&quot;googleProjectNumber&quot;:&quot;485619996152&quot;,&quot;receiveReceiptEnabled&quot;:false,&quot;restoreTTLFilter&quot;:true}]</string>
    <set name="PREFS_OS_UNATTRIBUTED_UNIQUE_OUTCOME_EVENTS_SENT" />
    <string name="MODEL_STORE_subscriptions">[{&quot;id&quot;:&quot;b90878e6-c698-4cc3-a38d-b08a660a97ae&quot;,&quot;type&quot;:&quot;PUSH&quot;,&quot;optedIn&quot;:true,&quot;address&quot;:&quot;coDzBZ0sSm6-9KHitavVbb:APA91bG5co2v9vzCtegFNoyqV8lLapzvWicsJdQLq-NrW4URuY9-X-CrllK5GUUe4B1ZpPfX7M0F_C-Fqsw7YxNFdR7EEgRoPkqiy7HMrezUcS_aF6sqSo0&quot;,&quot;status&quot;:&quot;SUBSCRIBED&quot;,&quot;sdk&quot;:&quot;050135&quot;,&quot;deviceOS&quot;:&quot;14&quot;,&quot;carrier&quot;:&quot;&quot;,&quot;appVersion&quot;:&quot;4&quot;}]</string>
    <string name="PREFS_OS_INSTALL_ID">75441bb4-6d74-4de9-b965-587f8af99005</string>
    <boolean name="USER_RESOLVED_PERMISSION_android.permission.POST_NOTIFICATIONS" value="true" />
</map>
